{
  "McMurdo": [-77.8499966, 166.666664],
  "Dumont Urville": [-66.666664, 140.0166666],
  "BelgranoII": [-77.8666632, -34.6166642],
  "Boston": [-71.059769, 42.358429]
}